codigo,slug,titulo_en_tienda,marca_en_tienda,categoria,fabricante_autosolar,titulo_autosolar,url_autosolar,fotos_descargadas,decision (reactivar/dejar oculto)
1700507,modulo-inalambrico-1700507,Módulo Inalámbrico 1700507,Sin marca,accesorios,Victron Energy,Bluetooth VE Direct Victron Dongle,https://autosolar.co/accesorios-controladores-carga/vedirect-bluetooth-smart-dongle,8,
1700510,sistema-de-monitoreo-solar-1700510,Sistema de Monitoreo Solar 1700510,Sin marca,accesorios,Victron Energy,VE.Direct to USB interface,https://autosolar.co/cable-de-datos/vedirect-to-usb-interface,7,
1700518,sistema-de-monitoreo-solar-1700518,Sistema de Monitoreo Solar 1700518,Sin marca,accesorios,Victron Energy,Interfaz de enlace Victron VE MK3-USB,https://autosolar.co/accesorios-de-inversores/interfaz-de-enlace-victron-mk3-usb,1,
1700524,pantalla-victron-1700524,Pantalla Victron 1700524,Victron,accesorios,Victron Energy,Venus GX de Victron,https://autosolar.co/accesorios-de-inversores/venus-gx-de-victron,8,
1700525,pantalla-victron-1700525,Pantalla Victron 1700525,Victron,accesorios,Victron Energy,Ekrano GX,https://autosolar.co/accesorios-de-inversores/ekrano-gx,8,
1700526,pantalla-victron-1700526,Pantalla Victron 1700526,Victron,accesorios,Victron Energy,Cerbo GX MK2,https://autosolar.co/accesorios-de-inversores/cerbo-gx-mk2,8,
1700527,modulo-inalambrico-1700527,Módulo Inalámbrico 1700527,Sin marca,accesorios,Victron Energy,CCGX WiFi module simple (Nano USB),https://autosolar.co/accesorios-de-inversores/ccgx-wifi-module-simple-nano-usb,8,
1700528,modulo-inalambrico-1700528,Módulo Inalámbrico 1700528,Sin marca,accesorios,Victron Energy,GX WiFi module long range (Netgear AC1200) AutoSolar Colombia,https://autosolar.co/accesorios-de-inversores/gx-wifi-module-long-range-netgear-ac1200,8,
1700530,sistema-de-monitoreo-solar-1700530,Sistema de Monitoreo Solar 1700530,Sin marca,accesorios,Victron Energy,RS485 to USB interface 5m,https://autosolar.co/cable-de-datos/rs485-to-usb-interface-5m,8,
1700531,pantalla-de-monitoreo-solar-ref-1700531,Pantalla de Monitoreo Solar Ref. 1700531,Sin marca,accesorios,Victron Energy,GX LTE 4G-SA,https://autosolar.co/accesorios-de-inversores/gx-lte-4g-sa,8,
1700532,pantalla-victron-1700532,Pantalla Victron 1700532,Victron,accesorios,Victron Energy,GX Touch 70,https://autosolar.co/accesorios-de-inversores/gx-touch-70,8,
3202010,medidor-de-energia-100a-3202010,Medidor de Energía 100A 3202010,Sin marca,accesorios,Growatt,Vatimetro Trifasico Growatt TPM-CT-E 100A,https://autosolar.co/vatimetros/vatimetro-trifasico-growatt-tpm-ct-e-100a,8,
3202024,medidor-de-energia-100va-3202024,Medidor de Energía 100VA 3202024,Sin marca,accesorios,SAJ,Vatímetro Bifasico SAJ eSolar SEC-C-T100,https://autosolar.co/accesorios-de-inversores/vatimetro-bifasico-saj-esolar-sec-c-t100,7,
3202027,medidor-de-energia-100va-3202027,Medidor de Energía 100VA 3202027,Sin marca,accesorios,SAJ,Vatimetro Trifasico SAJ eSolar SEC-C-T100,https://autosolar.co/accesorios-de-inversores/vatimetro-trifasico-saj-esolar-sec-c-t100,7,
3202028,medidor-de-energia-250va-3202028,Medidor de Energía 250VA 3202028,Sin marca,accesorios,SAJ,Vatimetro trifásico 250A CT externo SAJ,https://autosolar.co/accesorios-de-inversores/vatimetro-trifasico-saj-esolar-sec-c-t250,6,
3202029,medidor-de-energia-500va-3202029,Medidor de Energía 500VA 3202029,Sin marca,accesorios,SAJ,Vatimetro Trifasico SAJ eSolar SEC-C-T500 AutoSolar Colombia,https://autosolar.co/accesorios-de-inversores/vatimetro-trifasico-saj-esolar-sec-c-t500,6,
2008101,controlador-de-carga-solar-mppt-2008101,Controlador de Carga Solar MPPT 2008101,Sin marca,controladores,Victron Energy,Controlador Carga SmartSolar MPPT 250/60-Tr Victron Energy,https://autosolar.co/controladores-de-carga-mppt/controlador-carga-smartsolar-mppt-25060-tr-victron-energy,1,
2008102,controlador-de-carga-solar-mppt-2008102,Controlador de Carga Solar MPPT 2008102,Sin marca,controladores,Victron Energy,SmartSolar MPPT 250/70-Tr,https://autosolar.co/controladores-de-carga-mppt/smartsolar-mppt-25070-tr,8,
2008104,controlador-de-carga-solar-mppt-2008104,Controlador de Carga Solar MPPT 2008104,Sin marca,controladores,Victron Energy,Display Smart Solar MPPT VICTRON,https://autosolar.co/accesorios-controladores-carga/display-smart-solar-mppt-victron,8,
2008110,controlador-de-carga-solar-mppt-2008110,Controlador de Carga Solar MPPT 2008110,Sin marca,controladores,Victron Energy,SmartSolar MPPT 250/100-Tr VE.Can,https://autosolar.co/controladores-de-carga-mppt/smartsolar-mppt-250100-tr-vecan,8,
2008115,controlador-de-carga-solar-mppt-2008115,Controlador de Carga Solar MPPT 2008115,Sin marca,controladores,Victron Energy,Controlador SmartSolar MPPT RS 450/100-,https://autosolar.co/controladores-de-carga-mppt/controlador-smartsolar-mppt-rs-450100,8,
2008190,controlador-de-carga-solar-mppt-2008190,Controlador de Carga Solar MPPT 2008190,Sin marca,controladores,Victron Energy,Controlador Carga SmartSolar MPPT 75/15 Retail Victron Energy,https://autosolar.co/controladores-de-carga-mppt/controlador-carga-smartsolar-mppt-7515-retail-victron-energy,8,
2008191,controlador-de-carga-solar-mppt-2008191,Controlador de Carga Solar MPPT 2008191,Sin marca,controladores,Victron Energy,Controlador Carga SmartSolar MPPT 100/50 Victron Energy,https://autosolar.co/controladores-de-carga-mppt/controlador-carga-smartsolar-mppt-10050-victron-energy,8,
2008192,controlador-de-carga-solar-mppt-2008192,Controlador de Carga Solar MPPT 2008192,Sin marca,controladores,Victron Energy,Controlador Carga SmartSolar MPPT 100/30 Victron Energy,https://autosolar.co/controladores-de-carga-mppt/controlador-carga-smartsolar-mppt-10030-victron-energy,8,
2008194,controlador-de-carga-solar-mppt-2008194,Controlador de Carga Solar MPPT 2008194,Sin marca,controladores,Victron Energy,Controlador Carga SmartSolar MPPT 100/15 Retail Victron Energy,https://autosolar.co/controladores-de-carga-mppt/controlador-carga-smartsolar-mppt-10015-retail-victron-energy,1,
2008195,controlador-de-carga-solar-mppt-2008195,Controlador de Carga Solar MPPT 2008195,Sin marca,controladores,Victron Energy,Controlador Carga SmartSolar MPPT 150/70-Tr Victron Energy,https://autosolar.co/controladores-de-carga-mppt/controlador-carga-smartsolar-mppt-15070-tr-victron-energy,1,
2008197,controlador-de-carga-solar-mppt-2008197,Controlador de Carga Solar MPPT 2008197,Sin marca,controladores,Victron Energy,Controlador Carga SmartSolar MPPT 150/60-Tr Victron Energy,https://autosolar.co/controladores-de-carga-mppt/controlador-carga-smartsolar-mppt-15060-tr-victron-energy,1,
2008198,controlador-de-carga-solar-mppt-2008198,Controlador de Carga Solar MPPT 2008198,Sin marca,controladores,Victron Energy,SmartSolar MPPT 150/35,https://autosolar.co/controladores-de-carga-mppt/smartsolar-mppt-15035,8,
1700537,microinversor-solar-growatt-1700537,Microinversor Solar Growatt 1700537,Growatt,inversores,Growatt,Microinversor Growatt NEO 2500M-X2,https://autosolar.co/microinversores/microinversor-growatt-neo-2500m-x2,1,
3004060,inversor-solar-on-grid-victron-3004060,Inversor Solar On-Grid Victron 3004060,Victron,inversores,Victron Energy,Multiplus II 48/3000 35-50 120V VICTRON,https://autosolar.co/inversores-solares-48v/multiplus-ii-483000-35-50-120v-victron,8,
3004065,inversor-solar-on-grid-3004065,Inversor Solar On-Grid 3004065,Sin marca,inversores,Victron Energy,MultiPlus-II 48/5000/70-95 120V,https://autosolar.co/inversores-cargadores/multiplus-ii-48500070-95-120v,1,
3004618,inversor-solar-on-grid-6000w-3004618,Inversor Solar On-Grid 6000W 3004618,Sin marca,inversores,SAJ,Inversor On Grid 6000W Bifasico SAJ R6-6K-S2-X,https://autosolar.co/inversores-on-grid-bifasicos/inversor-on-grid-6000w-bifasico-saj-r6-6k-s2-x,1,
3004619,inversor-solar-on-grid-10000w-3004619,Inversor Solar On-Grid 10000W 3004619,Sin marca,inversores,SAJ,Inversor On Grid 10000W Bifasico SAJ R6-10K-S2-X,https://autosolar.co/inversores-on-grid-bifasicos/inversor-on-grid-10000w-bifasico-saj-r6-10k-s2-x,1,
3004621,inversor-solar-on-grid-8000w-3004621,Inversor Solar On-Grid 8000W 3004621,Sin marca,inversores,SAJ,Inversor On Grid 8000W Trifasico SAJ R6-8K-T2-32-LV,https://autosolar.co/inversores-on-grid-trifasicos/inversor-on-grid-8000w-trifasico-saj-r6-8k-t2-32-lv,1,
3004622,inversor-solar-on-grid-10000w-3004622,Inversor Solar On-Grid 10000W 3004622,Sin marca,inversores,SAJ,Inversor On Grid 10000W Trifásico SAJ R6-10K-T2-32-LV,https://autosolar.co/inversores-on-grid-trifasicos/inversor-on-grid-10000w-trifasico-saj-r6-10k-t2-32-lv,1,
3004623,inversor-solar-on-grid-15000w-3004623,Inversor Solar On-Grid 15000W 3004623,Sin marca,inversores,SAJ,Inversor On Grid 15000W Trifásico SAJ R6-15K-T2-32-LV,https://autosolar.co/inversores-on-grid-trifasicos/inversor-on-grid-15000w-trifasico-saj-r6-15k-t2-32-lv,1,
3004625,inversor-solar-on-grid-25000w-3004625,Inversor Solar On-Grid 25000W 3004625,Sin marca,inversores,SAJ,Inversor On Grid 25000W Trifasico SAJ R6-25K-T4-32-LV,https://autosolar.co/inversores-on-grid-trifasicos/inversor-on-grid-25000w-trifasico-saj-r6-25k-t4-32-lv,1,
3004626,inversor-solar-on-grid-30000w-3004626,Inversor Solar On-Grid 30000W 3004626,Sin marca,inversores,SAJ,Inversor On Grid 30000W Trifásico SAJ R6-30K-T4-32-LV,https://autosolar.co/inversores-on-grid-trifasicos/inversor-on-grid-30000w-trifasico-saj-r6-30k-t4-32-lv,1,
3004627,inversor-solar-on-grid-50000w-3004627,Inversor Solar On-Grid 50000W 3004627,Sin marca,inversores,SAJ,Inversor On grid  50kW 220V Trifasico SAJ,https://autosolar.co/inversores-on-grid-trifasicos/inversor-on-grid-50000w-trifasico-saj-c6-50k-t6-lv-40,1,
3004628,inversor-solar-on-grid-75000w-3004628,Inversor Solar On-Grid 75000W 3004628,Sin marca,inversores,SAJ,Inversor On Grid 75000W Trifasico SAJ C6-75K-T12-LV-40,https://autosolar.co/inversores-on-grid-trifasicos/inversor-on-grid-75000w-trifasico-saj-c6-75k-t12-lv-40,1,
3005203,inversor-solar-on-grid-3005203,Inversor Solar On-Grid 3005203,Sin marca,inversores,Victron Energy,Phoenix Inverter 12V 375VA 120V VE.Direct 5-15R Victron Energy,https://autosolar.co/inversores-solares-12v/phoenix-inverter-12375-120v-vedirect-nema-5-15r,8,
3005204,inversor-solar-on-grid-3005204,Inversor Solar On-Grid 3005204,Sin marca,inversores,Victron Energy,Inversor Victron Phoenix 12V 500VA 120V VE.Direct 5-15R,https://autosolar.co/inversores-solares-12v/phoenix-inverter-12500-120v-vedirect-nema-5-15r,8,
3005205,inversor-solar-on-grid-3005205,Inversor Solar On-Grid 3005205,Sin marca,inversores,Victron Energy,Inversor Victron Phoenix 12V 800VA 120V VE.Direct 5-15R,https://autosolar.co/inversores-solares-12v/phoenix-inverter-12800-120v-vedirect-nema-5-15r,8,
3005206,inversor-solar-on-grid-3005206,Inversor Solar On-Grid 3005206,Sin marca,inversores,Victron Energy,Phoenix Inverter 12/1200 120V VE.Direct NEMA 5-15R,https://autosolar.co/inversores-solares-12v/phoenix-inverter-121200-120v-vedirect-nema-5-15r,8,
3005209,inversor-solar-on-grid-3005209,Inversor Solar On-Grid 3005209,Sin marca,inversores,Victron Energy,Phoenix Inverter 24V 375VA 120V VE.Direct 5-15R Victron Energy,https://autosolar.co/inversores-solares-24v/phoenix-inverter-24375-120v-vedirect-nema-5-15r,8,
3005210,inversor-solar-on-grid-3005210,Inversor Solar On-Grid 3005210,Sin marca,inversores,Victron Energy,Phoenix Inverter 24V 500VA 120V VE.Direct 5-15R Victron Energy,https://autosolar.co/inversores-solares-24v/phoenix-inverter-24500-120v-vedirect-nema-5-15r,8,
3005211,inversor-solar-on-grid-3005211,Inversor Solar On-Grid 3005211,Sin marca,inversores,Victron Energy,Phoenix Inverter 24V 800VA 120V VE.Direct 5-15R Victron Energy,https://autosolar.co/inversores-solares-24v/phoenix-inverter-24800-120v-vedirect-nema-5-15r,8,
3005212,inversor-solar-on-grid-3005212,Inversor Solar On-Grid 3005212,Sin marca,inversores,Victron Energy,Phoenix Inverter 24/1200 120V VE.Direct NEMA 5-15R,https://autosolar.co/inversores-solares-24v/phoenix-inverter-241200-120v-vedirect-nema-5-15r,8,
3005219,inversor-solar-on-grid-2000va-3005219,Inversor Solar On-Grid 2000VA 3005219,Sin marca,inversores,Victron Energy,Inversor MultiPlus Compact 12V 2000VA 80-50 120V VE.Bus Victron Energy,https://autosolar.co/inversores-cargadores-12v/inversor-multiplus-compact-12v-2000va-80-50-120v-vebus-victron-energy,8,
5504125,fusible-o-portafusible-dc-para-sistema-solar-ref-5504125,Fusible o Portafusible DC para Sistema Solar Ref. 5504125,Sin marca,protecciones,Suntree,Portafusibles 10x38 1100V Suntree,https://autosolar.co/portafusibles/portafusible-dc-10x38-1100v-suntree,1,
5504127,fusible-portafusible-20a-dc-5504127,Fusible/Portafusible 20A DC 5504127,Sin marca,protecciones,Suntree,Fusible DC 20A 10x38 1000VDC Suntree,https://autosolar.co/fusibles/fusible-dc-20a-10x38-1000vdc-suntree,1,
5504128,fusible-portafusible-25a-dc-5504128,Fusible/Portafusible 25A DC 5504128,Sin marca,protecciones,Suntree,Fusible DC 25A 10x38 1000VDC SUNTREE,https://autosolar.co/fusibles/fusible-dc-25a-10x38-1000vdc-suntree,1,
5504129,fusible-portafusible-32a-dc-5504129,Fusible/Portafusible 32A DC 5504129,Sin marca,protecciones,Suntree,Fusible DC 32A 10x38 1000VDC SUNTREE,https://autosolar.co/fusibles/fusible-dc-32a-10x38-1000vdc-suntree,1,
